{
  "MAE_target_units": 0.35034833183553044,
  "MAE_USD": 35034.83318355304,
  "RMSE_target_units": 0.5116362244606975,
  "RMSE_USD": 51163.62244606975,
  "R2": 0.8020346644937253,
  "MAPE": 0.1938559903206487,
  "MAPE_percent": 19.38559903206487,
  "empirical_80pct_half_width_USD": 52590.505645460304,
  "test_rows": 3096
}