{
  "epoch": [
    1,
    2,
    3,
    4,
    5,
    6,
    7,
    8,
    9,
    10,
    11,
    12,
    13,
    14,
    15
  ],
  "accuracy": [
    0.9882,
    0.9899,
    0.9918,
    0.992,
    0.9935,
    0.9942,
    0.9959,
    0.9964,
    0.9968,
    0.9966,
    0.9969,
    0.9971,
    0.9973,
    0.9975,
    0.9975
  ],
  "loss": [
    0.0368,
    0.0317,
    0.0276,
    0.0247,
    0.0213,
    0.0178,
    0.0145,
    0.0127,
    0.0117,
    0.012,
    0.0109,
    0.0105,
    0.0096,
    0.0089,
    0.0092
  ],
  "val_accuracy": [
    0.9788,
    0.981,
    0.981,
    0.9815,
    0.9815,
    0.9818,
    0.9813,
    0.9823,
    0.9828,
    0.9825,
    0.9827,
    0.9832,
    0.9828,
    0.9832,
    0.9835
  ],
  "val_loss": [
    0.0756,
    0.0727,
    0.0704,
    0.0738,
    0.075,
    0.0713,
    0.0724,
    0.07,
    0.0707,
    0.0711,
    0.0708,
    0.0705,
    0.0705,
    0.0706,
    0.0705
  ],
  "learning_rate": [
    0.0005,
    0.0005,
    0.0005,
    0.0005,
    0.0005,
    0.00025,
    0.00025,
    0.000125,
    0.000125,
    0.000125,
    6.25e-05,
    6.25e-05,
    3.125e-05,
    3.125e-05,
    1.5625e-05
  ]
}