{
  "model_version": "2.0.0",
  "data_source": "reproducible synthetic retail pricing data",
  "training_backend": "JAX",
  "validated_inference_backend": "PyTorch",
  "test_rows": 2400,
  "regression": {
    "mae": 12.25211331722049,
    "rmse": 15.675986149495307,
    "r2": 0.667264463977751,
    "mape_pct": 14.413322705144676
  },
  "classification": {
    "threshold": 0.5,
    "high_demand_cutoff_units": 102.17090534270696,
    "accuracy": 0.9254166666666667,
    "precision": 0.8780193236714976,
    "recall": 0.9031055900621118,
    "f1": 0.8903857930189835
  },
  "portfolio_outputs": {
    "baseline_mae_recalculated": 12.25211331722049,
    "demo_recommended_price": 300.0,
    "demo_pricing_action": "Increase Price",
    "demo_estimated_margin_uplift": 3344.933624267578
  }
}