feature,mae_increase
current_price,7.794197738003437
competitor_price,4.892125973107586
historical_sales,3.7481343784784364
demand_index,1.7725502382224683
promotion_flag,1.4701220356357343
inventory_level,1.3580320804161428
day_of_year,0.4973606214761208
marketing_index,0.3313436512306627
base_cost,0.06168483723601881
rating,0.0
