category,pc1,pc2
Education,0.017093865,-0.045551263
Engineering,-0.055552173,0.049311064
Finance,0.053157676,0.0005842486
HR,-0.0053135264,-0.023444863
Healthcare,-0.038995694,-0.027494015
Legal,-0.016422462,0.062413093
Marketing,0.06475967,-0.02868182
Operations,0.010610225,-0.025855206
Retail,-0.053245626,-0.05988124
Sales,0.11045394,0.05478151
Support,-0.086545885,0.043818496
