{
  "numeric_features": [
    "age",
    "annual_income",
    "monthly_income",
    "loan_amount",
    "interest_rate",
    "employment_length",
    "credit_history_years",
    "revolving_utilization",
    "dti",
    "delinquency_count",
    "inquiry_count",
    "open_accounts",
    "existing_loans",
    "collateral_value",
    "loan_to_income",
    "collateral_ratio"
  ],
  "categorical_features": [
    "home_ownership",
    "purpose",
    "grade",
    "region",
    "verification_status"
  ],
  "feature_columns": [
    "age",
    "annual_income",
    "monthly_income",
    "loan_amount",
    "interest_rate",
    "employment_length",
    "credit_history_years",
    "revolving_utilization",
    "dti",
    "delinquency_count",
    "inquiry_count",
    "open_accounts",
    "existing_loans",
    "collateral_value",
    "loan_to_income",
    "collateral_ratio",
    "home_ownership",
    "purpose",
    "grade",
    "region",
    "verification_status"
  ],
  "numeric_medians": {
    "age": 45.0,
    "annual_income": 68175.78759609727,
    "monthly_income": 5681.710179913453,
    "loan_amount": 17826.480643924064,
    "interest_rate": 12.466181996607828,
    "employment_length": 12.0,
    "credit_history_years": 7.942258189168404,
    "revolving_utilization": 33.5329246314284,
    "dti": 18.118024887117937,
    "delinquency_count": 0.0,
    "inquiry_count": 2.0,
    "open_accounts": 8.0,
    "existing_loans": 2.0,
    "collateral_value": 11980.807108369023,
    "loan_to_income": 0.2613670852724989,
    "collateral_ratio": 0.6651029201995602
  },
  "numeric_means": {
    "age": 44.943485714285714,
    "annual_income": 68466.29145762227,
    "monthly_income": 5705.264893775094,
    "loan_amount": 17981.661637004825,
    "interest_rate": 12.592143767366027,
    "employment_length": 12.109314285714285,
    "credit_history_years": 8.042534240126058,
    "revolving_utilization": 35.23199617674736,
    "dti": 18.082097957304416,
    "delinquency_count": 0.5512,
    "inquiry_count": 1.7931428571428571,
    "open_accounts": 7.598571428571429,
    "existing_loans": 1.5877714285714286,
    "collateral_value": 13728.914638118189,
    "loan_to_income": 0.3284520657488865,
    "collateral_ratio": 1.4249221748306349
  },
  "numeric_scales": {
    "age": 14.17902899631591,
    "annual_income": 25766.38921030799,
    "monthly_income": 2157.0266983103447,
    "loan_amount": 8732.273824909747,
    "interest_rate": 4.759261752978498,
    "employment_length": 7.18751251137864,
    "credit_history_years": 4.370799475312612,
    "revolving_utilization": 17.824930261573552,
    "dti": 8.73515440858349,
    "delinquency_count": 0.7420098112558889,
    "inquiry_count": 1.344091347721727,
    "open_accounts": 3.8442161696740826,
    "existing_loans": 1.2064157796835167,
    "collateral_value": 12322.736343305285,
    "loan_to_income": 0.2950199316057276,
    "collateral_ratio": 3.424767177904471
  },
  "categorical_modes": {
    "home_ownership": "MORTGAGE",
    "purpose": "debt_consolidation",
    "grade": "C",
    "region": "East",
    "verification_status": "verified"
  },
  "categorical_categories": {
    "home_ownership": [
      "MORTGAGE",
      "OTHER",
      "OWN",
      "RENT"
    ],
    "purpose": [
      "auto",
      "debt_consolidation",
      "education",
      "home_improvement",
      "medical",
      "small_business",
      "vacation"
    ],
    "grade": [
      "A",
      "B",
      "C",
      "D",
      "E",
      "F",
      "G"
    ],
    "region": [
      "East",
      "North",
      "South",
      "West"
    ],
    "verification_status": [
      "not_verified",
      "source_verified",
      "verified"
    ]
  },
  "processed_feature_names": [
    "num__age",
    "num__annual_income",
    "num__monthly_income",
    "num__loan_amount",
    "num__interest_rate",
    "num__employment_length",
    "num__credit_history_years",
    "num__revolving_utilization",
    "num__dti",
    "num__delinquency_count",
    "num__inquiry_count",
    "num__open_accounts",
    "num__existing_loans",
    "num__collateral_value",
    "num__loan_to_income",
    "num__collateral_ratio",
    "cat__home_ownership_MORTGAGE",
    "cat__home_ownership_OTHER",
    "cat__home_ownership_OWN",
    "cat__home_ownership_RENT",
    "cat__purpose_auto",
    "cat__purpose_debt_consolidation",
    "cat__purpose_education",
    "cat__purpose_home_improvement",
    "cat__purpose_medical",
    "cat__purpose_small_business",
    "cat__purpose_vacation",
    "cat__grade_A",
    "cat__grade_B",
    "cat__grade_C",
    "cat__grade_D",
    "cat__grade_E",
    "cat__grade_F",
    "cat__grade_G",
    "cat__region_East",
    "cat__region_North",
    "cat__region_South",
    "cat__region_West",
    "cat__verification_status_not_verified",
    "cat__verification_status_source_verified",
    "cat__verification_status_verified"
  ],
  "processed_input_dim": 41
}