feature,importance_mean_auc_decrease,importance_std
Glucose,0.17588617886178862,0.042708520394922206
BMI,0.06178861788617884,0.012991859743374426
Age,0.01897560975609755,0.008049864425657449
Pregnancies,0.008715447154471529,0.014097701633754072
Insulin,0.007495934959349565,0.009583555550105363
BloodPressure,0.004178861788617866,0.008537607372039525
SkinThickness,0.0026991869918698897,0.008366070931940365
DiabetesPedigreeFunction,0.0003902439024390136,0.01254778953740858
